,chain,amino acid,residue id,immunodominance,rsa
0,F,LYS,818,0.5,1.248780487804878
1,F,GLU,819,0.5,0.6804123711340206
2,F,GLU,820,0.0,0.7010309278350515
3,F,VAL,821,0.25,0.3873239436619718
4,F,THR,822,0.25,0.29577464788732394
5,F,ILE,823,0.0,0.0
6,F,LYS,824,0.5,0.5951219512195122
7,F,VAL,825,0.0,0.007042253521126761
8,F,ASN,826,0.25,0.2929936305732484
9,F,LEU,827,0.75,0.012195121951219513
10,F,ILE,828,0.0,0.3076923076923077
11,F,PHE,829,0.5,0.15228426395939088
12,F,ALA,830,0.0,0.49056603773584906
13,F,ASP,831,0.25,0.6687116564417178
14,F,GLY,832,0.0,0.6190476190476191
15,F,LYS,833,0.75,0.6829268292682927
16,F,ILE,834,0.75,0.5798816568047337
17,F,GLN,835,0.75,0.5454545454545454
18,F,THR,836,0.75,0.7253521126760564
19,F,ALA,837,0.75,0.2641509433962264
20,F,GLU,838,0.75,0.5360824742268041
21,F,PHE,839,0.75,0.14720812182741116
22,F,LYS,840,0.75,0.551219512195122
23,F,GLY,841,0.0,0.21428571428571427
24,F,THR,842,0.25,0.4647887323943662
25,F,PHE,843,0.25,0.48223350253807107
26,F,GLU,844,0.25,0.7989690721649485
27,F,GLU,845,0.5,0.4742268041237113
28,F,ALA,846,0.0,0.0
29,F,THR,847,0.25,0.1267605633802817
30,F,ALA,848,0.25,0.29245283018867924
31,F,GLU,849,0.75,0.30927835051546393
32,F,ALA,850,0.25,0.009433962264150943
33,F,TYR,851,0.25,0.21171171171171171
34,F,ARG,852,0.75,0.5282258064516129
35,F,TYR,853,1.0,0.38738738738738737
36,F,ALA,854,0.0,0.0
37,F,ASP,855,0.25,0.4723926380368098
38,F,LEU,856,1.0,0.6158536585365854
39,F,LEU,857,0.75,0.16463414634146342
40,F,ALA,858,0.0,0.1792452830188679
41,F,LYS,859,0.0,0.8926829268292683
42,F,VAL,860,0.75,0.7816901408450704
43,F,ASN,861,0.5,0.1464968152866242
44,F,GLY,862,0.0,0.23809523809523808
45,F,GLU,863,0.25,0.5927835051546392
46,F,TYR,864,0.25,0.13513513513513514
47,F,THR,865,0.25,0.5915492957746479
48,F,TRP,866,0.25,0.5991189427312775
49,F,ASP,867,0.25,0.5644171779141104
50,F,LEU,868,0.25,0.32926829268292684
51,F,GLU,869,0.25,0.5721649484536082
52,F,ASP,870,0.25,0.9141104294478528
53,F,GLY,871,0.25,0.6428571428571429
54,F,GLY,872,0.25,0.08333333333333333
55,F,ASN,873,0.25,0.35668789808917195
56,F,HIS,874,0.0,0.33695652173913043
57,F,MET,875,0.0,0.0
58,F,ASN,876,0.25,0.17834394904458598
59,F,ILE,877,0.0,0.011834319526627219
60,F,LYS,878,0.0,0.34146341463414637
61,F,PHE,879,0.0,0.04060913705583756
62,F,ALA,880,0.0,0.6320754716981132
63,F,GLY,881,0.0,0.7142857142857143
64,F,LYS,882,0.0,0.9609756097560975
