,PDB,Residue,immunodominance,RSA
0,1ymh_F,F:LYS:818,0.5,1.24878
1,1ymh_F,F:GLU:819,0.5,0.68041
2,1ymh_F,F:GLU:820,0.0,0.70103
3,1ymh_F,F:VAL:821,0.25,0.38732
4,1ymh_F,F:THR:822,0.25,0.29577
5,1ymh_F,F:ILE:823,0.0,0.0
6,1ymh_F,F:LYS:824,0.5,0.59512
7,1ymh_F,F:VAL:825,0.0,0.00704
8,1ymh_F,F:ASN:826,0.25,0.29299
9,1ymh_F,F:LEU:827,0.75,0.0122
10,1ymh_F,F:ILE:828,0.0,0.30769
11,1ymh_F,F:PHE:829,0.5,0.15228
12,1ymh_F,F:ALA:830,0.0,0.49057
13,1ymh_F,F:ASP:831,0.25,0.66871
14,1ymh_F,F:GLY:832,0.0,0.61905
15,1ymh_F,F:LYS:833,0.75,0.68293
16,1ymh_F,F:ILE:834,0.75,0.57988
17,1ymh_F,F:GLN:835,0.75,0.54545
18,1ymh_F,F:THR:836,0.75,0.72535
19,1ymh_F,F:ALA:837,0.75,0.26415
20,1ymh_F,F:GLU:838,0.75,0.53608
21,1ymh_F,F:PHE:839,0.75,0.14721
22,1ymh_F,F:LYS:840,0.75,0.55122
23,1ymh_F,F:GLY:841,0.0,0.21429
24,1ymh_F,F:THR:842,0.25,0.46479
25,1ymh_F,F:PHE:843,0.25,0.48223
26,1ymh_F,F:GLU:844,0.25,0.79897
27,1ymh_F,F:GLU:845,0.5,0.47423
28,1ymh_F,F:ALA:846,0.0,0.0
29,1ymh_F,F:THR:847,0.25,0.12676
30,1ymh_F,F:ALA:848,0.25,0.29245
31,1ymh_F,F:GLU:849,0.75,0.30928
32,1ymh_F,F:ALA:850,0.25,0.00943
33,1ymh_F,F:TYR:851,0.25,0.21171
34,1ymh_F,F:ARG:852,0.75,0.52823
35,1ymh_F,F:TYR:853,1.0,0.38739
36,1ymh_F,F:ALA:854,0.0,0.0
37,1ymh_F,F:ASP:855,0.25,0.47239
38,1ymh_F,F:LEU:856,1.0,0.61585
39,1ymh_F,F:LEU:857,0.75,0.16463
40,1ymh_F,F:ALA:858,0.0,0.17925
41,1ymh_F,F:LYS:859,0.0,0.89268
42,1ymh_F,F:VAL:860,0.75,0.78169
43,1ymh_F,F:ASN:861,0.5,0.1465
44,1ymh_F,F:GLY:862,0.0,0.2381
45,1ymh_F,F:GLU:863,0.25,0.59278
46,1ymh_F,F:TYR:864,0.25,0.13514
47,1ymh_F,F:THR:865,0.25,0.59155
48,1ymh_F,F:TRP:866,0.25,0.59912
49,1ymh_F,F:ASP:867,0.25,0.56442
50,1ymh_F,F:LEU:868,0.25,0.32927
51,1ymh_F,F:GLU:869,0.25,0.57216
52,1ymh_F,F:ASP:870,0.25,0.91411
53,1ymh_F,F:GLY:871,0.25,0.64286
54,1ymh_F,F:GLY:872,0.25,0.08333
55,1ymh_F,F:ASN:873,0.25,0.35669
56,1ymh_F,F:HIS:874,0.0,0.33696
57,1ymh_F,F:MET:875,0.0,0.0
58,1ymh_F,F:ASN:876,0.25,0.17834
59,1ymh_F,F:ILE:877,0.0,0.01183
60,1ymh_F,F:LYS:878,0.0,0.34146
61,1ymh_F,F:PHE:879,0.0,0.04061
62,1ymh_F,F:ALA:880,0.0,0.63208
63,1ymh_F,F:GLY:881,0.0,0.71429
64,1ymh_F,F:LYS:882,0.0,0.96098
