,chain,amino acid,residue id,immunodominance,rsa
0,R,ILE,548,0.0,0.48520710059171596
1,R,PRO,549,0.0,0.5367647058823529
2,R,MET,550,0.0,0.4148936170212766
3,R,GLU,551,0.0,0.7061855670103093
4,R,TYR,552,0.0,0.6531531531531531
5,R,ALA,553,0.0,0.08490566037735849
6,R,LYS,554,0.0,0.36585365853658536
7,R,MET,555,0.0,0.6968085106382979
8,R,TRP,556,0.0,0.14537444933920704
9,R,LYS,557,0.0,0.4
10,R,PRO,558,0.0,0.5735294117647058
11,R,GLY,559,0.0,0.47619047619047616
12,R,ASP,560,0.0,0.3006134969325153
13,R,GLU,561,0.0,0.4690721649484536
14,R,CYS,562,0.0,0.0
15,R,PHE,563,0.0,0.40609137055837563
16,R,ALA,564,0.0,0.0
17,R,LEU,565,0.0,0.1951219512195122
18,R,TYR,566,1.0,0.2072072072072072
19,R,TRP,567,1.0,0.73568281938326
20,R,GLU,568,0.875,0.6391752577319587
21,R,ASP,569,0.0,0.3987730061349693
22,R,ASN,570,0.0,0.8089171974522293
23,R,LYS,571,0.0,0.37073170731707317
24,R,PHE,572,0.0,0.4010152284263959
25,R,TYR,573,0.0,0.36036036036036034
26,R,ARG,574,0.0,0.10080645161290322
27,R,ALA,575,0.0,0.0
28,R,GLU,576,0.0,0.2422680412371134
29,R,VAL,577,0.0,0.0
30,R,GLU,578,1.0,0.31443298969072164
31,R,ALA,579,1.0,0.44339622641509435
32,R,LEU,580,1.0,0.4634146341463415
33,R,HIS,581,1.0,0.5108695652173914
34,R,SER,582,1.0,0.9769230769230769
35,R,SER,583,1.0,0.4153846153846154
36,R,GLY,584,0.0,0.6071428571428571
37,R,MET,585,0.0,0.7021276595744681
38,R,THR,586,1.0,0.11267605633802817
39,R,ALA,587,1.0,0.009433962264150943
40,R,VAL,588,1.0,0.3732394366197183
41,R,VAL,589,0.125,0.0
42,R,LYS,590,1.0,0.2
43,R,PHE,591,1.0,0.03553299492385787
44,R,ILE,592,1.0,0.40236686390532544
45,R,ASP,593,1.0,0.7300613496932515
46,R,TYR,594,1.0,0.963963963963964
47,R,GLY,595,1.0,0.42857142857142855
48,R,ASN,596,1.0,0.24203821656050956
49,R,TYR,597,1.0,0.6171171171171171
50,R,GLU,598,1.0,0.23711340206185566
51,R,GLU,599,1.0,0.634020618556701
52,R,VAL,600,1.0,0.07746478873239436
53,R,LEU,601,0.5,0.5304878048780488
54,R,LEU,602,0.0,0.10365853658536585
55,R,SER,603,0.0,0.7230769230769231
56,R,ASN,604,0.0,0.2929936305732484
57,R,ILE,605,0.0,0.023668639053254437
58,R,LYS,606,0.0,0.5170731707317073
59,R,PRO,607,0.0,0.5514705882352942
60,R,ILE,608,0.0,0.7633136094674556
