,PDB,Residue,immunodominance,RSA
0,5cbe_F,F:THR:5,0.0,0.83099
1,5cbe_F,F:SER:6,0.0,1.02308
2,5cbe_F,F:LEU:7,0.0,0.71341
3,5cbe_F,F:ARG:8,0.0,0.91129
4,5cbe_F,F:CYS:9,0.0,0.17037
5,5cbe_F,F:ARG:10,0.0,0.71371
6,5cbe_F,F:CYS:11,0.0,0.11852
7,5cbe_F,F:VAL:12,0.0,0.95775
8,5cbe_F,F:GLN:13,0.0,0.69697
9,5cbe_F,F:GLU:14,0.0,0.37629
10,5cbe_F,F:SER:15,0.0,0.28462
11,5cbe_F,F:SER:16,0.0,0.8
12,5cbe_F,F:VAL:17,0.0,0.48592
13,5cbe_F,F:PHE:18,1.0,0.6599
14,5cbe_F,F:ILE:19,0.5,0.04142
15,5cbe_F,F:PRO:20,0.75,0.375
16,5cbe_F,F:ARG:21,1.0,0.73387
17,5cbe_F,F:ARG:22,1.0,0.72581
18,5cbe_F,F:PHE:23,0.75,0.58883
19,5cbe_F,F:ILE:24,1.0,0.14201
20,5cbe_F,F:ASP:25,1.0,0.71166
21,5cbe_F,F:ARG:26,1.0,0.56048
22,5cbe_F,F:ILE:27,1.0,0.33136
23,5cbe_F,F:GLN:28,1.0,0.21717
24,5cbe_F,F:ILE:29,1.0,0.53846
25,5cbe_F,F:LEU:30,0.0,0.33537
26,5cbe_F,F:PRO:31,0.0,0.77941
27,5cbe_F,F:ARG:32,0.0,0.6371
28,5cbe_F,F:GLY:33,0.0,0.52381
29,5cbe_F,F:ASN:34,0.0,0.94904
30,5cbe_F,F:GLY:35,0.0,0.21429
31,5cbe_F,F:CYS:36,0.0,0.06667
32,5cbe_F,F:PRO:37,0.0,0.64706
33,5cbe_F,F:ARG:38,0.0,0.39113
34,5cbe_F,F:LYS:39,0.0,0.39024
35,5cbe_F,F:GLU:40,0.0,0.06701
36,5cbe_F,F:ILE:41,0.0,0.01775
37,5cbe_F,F:ILE:42,0.0,0.04142
38,5cbe_F,F:VAL:43,0.0,0.0
39,5cbe_F,F:TRP:44,0.25,0.39207
40,5cbe_F,F:LYS:45,0.75,0.23415
41,5cbe_F,F:LYS:46,1.0,0.5561
42,5cbe_F,F:ASN:47,1.0,0.66879
43,5cbe_F,F:LYS:48,1.0,0.93659
44,5cbe_F,F:SER:49,0.0,0.4
45,5cbe_F,F:ILE:50,0.0,0.50888
46,5cbe_F,F:VAL:51,0.0,0.21831
47,5cbe_F,F:CYS:52,0.0,0.18519
48,5cbe_F,F:VAL:53,0.0,0.02113
49,5cbe_F,F:ASP:54,0.0,0.23926
50,5cbe_F,F:PRO:55,0.0,0.11029
51,5cbe_F,F:GLN:56,0.0,0.75253
52,5cbe_F,F:ALA:57,0.0,0.09434
53,5cbe_F,F:GLU:58,0.5,0.68557
54,5cbe_F,F:TRP:59,1.0,0.13656
55,5cbe_F,F:ILE:60,0.75,0.02367
56,5cbe_F,F:GLN:61,0.0,0.44949
57,5cbe_F,F:ARG:62,1.0,0.72984
58,5cbe_F,F:MET:63,1.0,0.51064
59,5cbe_F,F:MET:64,0.0,0.22872
60,5cbe_F,F:GLU:65,0.25,0.58763
61,5cbe_F,F:VAL:66,1.0,0.60563
62,5cbe_F,F:LEU:67,0.75,0.61585
63,5cbe_F,F:ARG:68,0.75,0.79032
64,5cbe_F,F:LYS:69,0.25,0.80976
65,5cbe_F,F:ARG:70,0.25,0.56452
