,chain,amino acid,residue id,immunodominance,rsa
0,F,THR,5,0.0,0.8309859154929577
1,F,SER,6,0.0,1.023076923076923
2,F,LEU,7,0.0,0.7134146341463414
3,F,ARG,8,0.0,0.9112903225806451
4,F,CYS,9,0.0,0.17037037037037037
5,F,ARG,10,0.0,0.7137096774193549
6,F,CYS,11,0.0,0.11851851851851852
7,F,VAL,12,0.0,0.9577464788732394
8,F,GLN,13,0.0,0.696969696969697
9,F,GLU,14,0.0,0.37628865979381443
10,F,SER,15,0.0,0.2846153846153846
11,F,SER,16,0.0,0.8
12,F,VAL,17,0.0,0.4859154929577465
13,F,PHE,18,1.0,0.6598984771573604
14,F,ILE,19,0.5,0.04142011834319527
15,F,PRO,20,0.75,0.375
16,F,ARG,21,1.0,0.7338709677419355
17,F,ARG,22,1.0,0.7258064516129032
18,F,PHE,23,0.75,0.5888324873096447
19,F,ILE,24,1.0,0.14201183431952663
20,F,ASP,25,1.0,0.7116564417177914
21,F,ARG,26,1.0,0.5604838709677419
22,F,ILE,27,1.0,0.33136094674556216
23,F,GLN,28,1.0,0.21717171717171718
24,F,ILE,29,1.0,0.5384615384615384
25,F,LEU,30,0.0,0.3353658536585366
26,F,PRO,31,0.0,0.7794117647058824
27,F,ARG,32,0.0,0.6370967741935484
28,F,GLY,33,0.0,0.5238095238095238
29,F,ASN,34,0.0,0.9490445859872612
30,F,GLY,35,0.0,0.21428571428571427
31,F,CYS,36,0.0,0.06666666666666667
32,F,PRO,37,0.0,0.6470588235294118
33,F,ARG,38,0.0,0.3911290322580645
34,F,LYS,39,0.0,0.3902439024390244
35,F,GLU,40,0.0,0.06701030927835051
36,F,ILE,41,0.0,0.01775147928994083
37,F,ILE,42,0.0,0.04142011834319527
38,F,VAL,43,0.0,0.0
39,F,TRP,44,0.25,0.3920704845814978
40,F,LYS,45,0.75,0.23414634146341465
41,F,LYS,46,1.0,0.5560975609756098
42,F,ASN,47,1.0,0.6687898089171974
43,F,LYS,48,1.0,0.9365853658536586
44,F,SER,49,0.0,0.4
45,F,ILE,50,0.0,0.5088757396449705
46,F,VAL,51,0.0,0.21830985915492956
47,F,CYS,52,0.0,0.18518518518518517
48,F,VAL,53,0.0,0.02112676056338028
49,F,ASP,54,0.0,0.2392638036809816
50,F,PRO,55,0.0,0.11029411764705882
51,F,GLN,56,0.0,0.7525252525252525
52,F,ALA,57,0.0,0.09433962264150944
53,F,GLU,58,0.5,0.6855670103092784
54,F,TRP,59,1.0,0.13656387665198239
55,F,ILE,60,0.75,0.023668639053254437
56,F,GLN,61,0.0,0.4494949494949495
57,F,ARG,62,1.0,0.7298387096774194
58,F,MET,63,1.0,0.5106382978723404
59,F,MET,64,0.0,0.22872340425531915
60,F,GLU,65,0.25,0.5876288659793815
61,F,VAL,66,1.0,0.6056338028169014
62,F,LEU,67,0.75,0.6158536585365854
63,F,ARG,68,0.75,0.7903225806451613
64,F,LYS,69,0.25,0.8097560975609757
65,F,ARG,70,0.25,0.5645161290322581
