,chain,amino acid,residue id,immunodominance,rsa
0,C,THR,7,0.0,1.380281690140845
1,C,ARG,8,0.0,0.6653225806451613
2,C,GLU,9,0.0,0.788659793814433
3,C,CYS,10,0.0,0.45925925925925926
4,C,CYS,11,0.0,0.14074074074074075
5,C,LEU,12,0.0,0.5
6,C,GLU,13,0.0,0.33505154639175255
7,C,TYR,14,0.0,0.20270270270270271
8,C,PHE,15,0.0,0.38578680203045684
9,C,LYS,16,0.0,0.7853658536585366
10,C,GLY,17,0.0,0.4523809523809524
11,C,ALA,18,0.0,0.7358490566037735
12,C,ILE,19,0.0,0.05917159763313609
13,C,PRO,20,0.0,0.27941176470588236
14,C,LEU,21,1.0,0.43902439024390244
15,C,ARG,22,1.0,0.9919354838709677
16,C,LYS,23,1.0,0.5170731707317073
17,C,LEU,24,1.0,0.11585365853658537
18,C,LYS,25,0.0,0.6536585365853659
19,C,THR,26,0.0,0.4084507042253521
20,C,TRP,27,0.0,0.2687224669603524
21,C,TYR,28,0.0,0.16666666666666666
22,C,GLN,29,0.0,0.4595959595959596
23,C,THR,30,0.0,0.056338028169014086
24,C,SER,31,0.0,0.4
25,C,GLU,32,0.0,1.0515463917525774
26,C,ASP,33,0.0,0.8773006134969326
27,C,CYS,34,0.0,0.1037037037037037
28,C,SER,35,0.0,1.0
29,C,ARG,36,0.0,0.3548387096774194
30,C,ASP,37,0.0,0.558282208588957
31,C,ALA,38,0.0,0.0
32,C,ILE,39,0.0,0.08875739644970414
33,C,VAL,40,0.0,0.007042253521126761
34,C,PHE,41,0.0,0.0
35,C,VAL,42,0.0,0.23943661971830985
36,C,THR,43,0.0,0.02112676056338028
37,C,VAL,44,1.0,0.647887323943662
38,C,GLN,45,1.0,0.6414141414141414
39,C,GLY,46,0.0,0.6785714285714286
40,C,ARG,47,0.0,0.46774193548387094
41,C,ALA,48,0.0,0.6226415094339622
42,C,ILE,49,0.0,0.011834319526627219
43,C,CYS,50,0.0,0.1925925925925926
44,C,SER,51,0.0,0.015384615384615385
45,C,ASP,52,0.0,0.2822085889570552
46,C,PRO,53,0.0,0.17647058823529413
47,C,ASN,54,0.0,0.8407643312101911
48,C,ASN,55,0.0,0.42038216560509556
49,C,LYS,56,0.25,0.7658536585365854
50,C,ARG,57,0.75,0.4596774193548387
51,C,VAL,58,0.0,0.02112676056338028
52,C,LYS,59,0.25,0.4926829268292683
53,C,ASN,60,1.0,0.5159235668789809
54,C,ALA,61,1.0,0.018867924528301886
55,C,VAL,62,0.0,0.1619718309859155
56,C,LYS,63,1.0,0.7219512195121951
57,C,TYR,64,1.0,0.6441441441441441
58,C,LEU,65,0.0,0.0975609756097561
59,C,GLN,66,0.0,0.5959595959595959
60,C,SER,67,1.0,0.5769230769230769
61,C,LEU,68,1.0,0.5853658536585366
62,C,GLU,69,0.0,0.5051546391752577
63,C,ARG,70,0.75,0.5604838709677419
