,chain,amino acid,residue id,immunodominance,rsa
0,E,GLU,310,0.125,0.6804123711340206
1,E,PRO,311,0.125,0.18382352941176472
2,E,SER,312,0.125,0.3384615384615385
3,E,ASP,313,0.625,0.588957055214724
4,E,LYS,314,0.875,0.6926829268292682
5,E,HIS,315,0.625,0.6358695652173914
6,E,ILE,316,0.125,0.047337278106508875
7,E,LYS,317,0.875,0.4926829268292683
8,E,GLU,318,0.875,0.4690721649484536
9,E,TYR,319,0.25,0.0990990990990991
10,E,LEU,320,0.875,0.11585365853658537
11,E,ASN,321,0.875,0.6624203821656051
12,E,LYS,322,0.625,0.8097560975609757
13,E,ILE,323,0.0,0.15976331360946747
14,E,GLN,324,0.875,0.7070707070707071
15,E,ASN,325,0.25,0.6369426751592356
16,E,SER,326,0.0,0.5846153846153846
17,E,LEU,327,0.875,0.24390243902439024
18,E,SER,328,0.0,0.35384615384615387
19,E,THR,329,0.125,0.47183098591549294
20,E,GLU,330,0.0,0.6597938144329897
21,E,TRP,331,0.125,0.3392070484581498
22,E,SER,332,0.125,0.1
23,E,PRO,333,0.0,0.6911764705882353
24,E,CYS,334,0.125,0.2
25,E,SER,335,0.0,0.25384615384615383
26,E,VAL,336,0.0,0.3380281690140845
27,E,THR,337,0.0,0.7253521126760564
28,E,CYS,338,0.0,0.42962962962962964
29,E,GLY,339,0.0,0.36904761904761907
30,E,ASN,340,0.125,0.6114649681528662
31,E,GLY,341,0.0,0.0
32,E,ILE,342,0.125,0.03550295857988166
33,E,GLN,343,0.125,0.23737373737373738
34,E,VAL,344,0.0,0.0
35,E,ARG,345,0.125,0.23790322580645162
36,E,ILE,346,0.0,0.11242603550295859
37,E,LYS,347,0.125,0.32682926829268294
38,E,PRO,348,0.125,0.6985294117647058
39,E,GLY,349,0.125,0.9880952380952381
40,E,SER,350,0.0,0.07692307692307693
41,E,ALA,351,0.0,0.4339622641509434
42,E,ASN,352,0.0,1.0254777070063694
43,E,LYS,353,0.625,0.4146341463414634
44,E,PRO,354,0.875,0.4632352941176471
45,E,LYS,355,0.875,0.4195121951219512
46,E,ASP,356,0.875,0.8650306748466258
47,E,GLU,357,0.875,0.5670103092783505
48,E,LEU,358,0.875,0.2926829268292683
49,E,ASP,359,0.875,0.43558282208588955
50,E,TYR,360,1.0,0.21171171171171171
51,E,ALA,361,0.375,0.5754716981132075
52,E,ASN,362,0.125,0.7133757961783439
53,E,ASP,363,0.375,0.049079754601226995
54,E,ILE,364,0.875,0.04142011834319527
55,E,GLU,365,0.125,0.33505154639175255
56,E,LYS,366,0.125,0.33658536585365856
57,E,LYS,367,0.125,0.40487804878048783
58,E,ILE,368,0.125,0.6094674556213018
59,E,CYS,369,0.125,0.0962962962962963
60,E,LYS,370,0.125,0.4292682926829268
61,E,MET,371,0.0,0.4627659574468085
62,E,GLU,372,0.0,0.9278350515463918
63,E,LYS,373,0.0,0.44390243902439025
64,E,CYS,374,0.0,0.562962962962963
65,E,SER,375,0.0,1.2769230769230768
