,chain,amino acid,residue id,immunodominance,rsa
0,I,ARG,1,0.0,0.4435483870967742
1,I,ARG,2,0.0,0.3911290322580645
2,I,CYS,3,0.0,0.0
3,I,PHE,4,0.0,0.27411167512690354
4,I,THR,5,0.0,0.1619718309859155
5,I,THR,6,1.0,0.23943661971830985
6,I,PRO,7,1.0,0.9558823529411765
7,I,SER,8,1.0,0.5769230769230769
8,I,VAL,9,1.0,0.528169014084507
9,I,ARG,10,1.0,0.6653225806451613
10,I,SER,11,0.0,0.23076923076923078
11,I,GLU,12,0.75,0.5309278350515464
12,I,ARG,13,0.0,0.7741935483870968
13,I,CYS,14,0.0,0.022222222222222223
14,I,PRO,15,0.0,0.5441176470588235
15,I,PRO,16,0.0,0.9485294117647058
16,I,GLY,17,0.0,0.6190476190476191
17,I,GLN,18,0.0,0.31313131313131315
18,I,GLU,19,0.0,0.5824742268041238
19,I,VAL,20,0.0,0.19718309859154928
20,I,CYS,21,0.0,0.0
21,I,TYR,22,0.0,0.18018018018018017
22,I,THR,23,0.0,0.07746478873239436
23,I,LYS,24,0.0,0.3121951219512195
24,I,THR,25,1.0,0.08450704225352113
25,I,TRP,26,1.0,0.22466960352422907
26,I,THR,27,1.0,0.44366197183098594
27,I,ASP,28,1.0,0.36809815950920244
28,I,GLY,29,1.0,1.0
29,I,HIS,30,1.0,0.5434782608695652
30,I,GLY,31,1.0,0.23809523809523808
31,I,GLY,32,0.0,1.0595238095238095
32,I,SER,33,1.0,0.7846153846153846
33,I,ARG,34,1.0,0.7137096774193549
34,I,GLY,35,1.0,0.42857142857142855
35,I,LYS,36,1.0,0.4975609756097561
36,I,ARG,37,1.0,0.43548387096774194
37,I,VAL,38,1.0,0.15492957746478872
38,I,ASP,39,1.0,0.22699386503067484
39,I,LEU,40,0.0,0.018292682926829267
40,I,GLY,41,0.0,0.07142857142857142
41,I,CYS,42,0.0,0.1259259259259259
42,I,ALA,43,0.0,0.09433962264150944
43,I,ALA,44,0.0,0.5660377358490566
44,I,THR,45,0.0,0.795774647887324
45,I,CYS,46,0.0,0.4074074074074074
46,I,PRO,47,0.0,0.2867647058823529
47,I,THR,48,0.0,0.8380281690140845
48,I,PRO,49,0.0,0.47794117647058826
49,I,LYS,50,0.0,0.7365853658536585
50,I,LYS,51,0.5,0.6390243902439025
51,I,LYS,52,0.25,0.8780487804878049
52,I,ASP,53,0.0,0.44171779141104295
53,I,ILE,54,0.0,0.1893491124260355
54,I,LYS,55,0.0,0.5170731707317073
55,I,ILE,56,0.0,0.17159763313609466
56,I,ILE,57,0.0,0.5325443786982249
57,I,CYS,58,0.0,0.2814814814814815
58,I,CYS,59,0.0,0.2962962962962963
59,I,SER,60,0.0,0.5615384615384615
60,I,THR,61,0.0,0.6126760563380281
61,I,ASP,62,0.0,0.5766871165644172
62,I,ASN,63,0.0,0.31210191082802546
63,I,CYS,64,0.0,0.22962962962962963
64,I,ASN,65,0.0,0.01910828025477707
65,I,THR,66,0.0,0.6267605633802817
66,I,PHE,67,0.75,0.6192893401015228
67,I,PRO,68,0.75,0.9044117647058824
