,PDB,Residue,immunodominance,RSA
0,8d9y_I,I:ARG:1,0.0,0.44355
1,8d9y_I,I:ARG:2,0.0,0.39113
2,8d9y_I,I:CYS:3,0.0,0.0
3,8d9y_I,I:PHE:4,0.0,0.27411
4,8d9y_I,I:THR:5,0.0,0.16197
5,8d9y_I,I:THR:6,1.0,0.23944
6,8d9y_I,I:PRO:7,1.0,0.95588
7,8d9y_I,I:SER:8,1.0,0.57692
8,8d9y_I,I:VAL:9,1.0,0.52817
9,8d9y_I,I:ARG:10,1.0,0.66532
10,8d9y_I,I:SER:11,0.0,0.23077
11,8d9y_I,I:GLU:12,0.75,0.53093
12,8d9y_I,I:ARG:13,0.0,0.77419
13,8d9y_I,I:CYS:14,0.0,0.02222
14,8d9y_I,I:PRO:15,0.0,0.54412
15,8d9y_I,I:PRO:16,0.0,0.94853
16,8d9y_I,I:GLY:17,0.0,0.61905
17,8d9y_I,I:GLN:18,0.0,0.31313
18,8d9y_I,I:GLU:19,0.0,0.58247
19,8d9y_I,I:VAL:20,0.0,0.19718
20,8d9y_I,I:CYS:21,0.0,0.0
21,8d9y_I,I:TYR:22,0.0,0.18018
22,8d9y_I,I:THR:23,0.0,0.07746
23,8d9y_I,I:LYS:24,0.0,0.3122
24,8d9y_I,I:THR:25,1.0,0.08451
25,8d9y_I,I:TRP:26,1.0,0.22467
26,8d9y_I,I:THR:27,1.0,0.44366
27,8d9y_I,I:ASP:28,1.0,0.3681
28,8d9y_I,I:GLY:29,1.0,1.0
29,8d9y_I,I:HIS:30,1.0,0.54348
30,8d9y_I,I:GLY:31,1.0,0.2381
31,8d9y_I,I:GLY:32,0.0,1.05952
32,8d9y_I,I:SER:33,1.0,0.78462
33,8d9y_I,I:ARG:34,1.0,0.71371
34,8d9y_I,I:GLY:35,1.0,0.42857
35,8d9y_I,I:LYS:36,1.0,0.49756
36,8d9y_I,I:ARG:37,1.0,0.43548
37,8d9y_I,I:VAL:38,1.0,0.15493
38,8d9y_I,I:ASP:39,1.0,0.22699
39,8d9y_I,I:LEU:40,0.0,0.01829
40,8d9y_I,I:GLY:41,0.0,0.07143
41,8d9y_I,I:CYS:42,0.0,0.12593
42,8d9y_I,I:ALA:43,0.0,0.09434
43,8d9y_I,I:ALA:44,0.0,0.56604
44,8d9y_I,I:THR:45,0.0,0.79577
45,8d9y_I,I:CYS:46,0.0,0.40741
46,8d9y_I,I:PRO:47,0.0,0.28676
47,8d9y_I,I:THR:48,0.0,0.83803
48,8d9y_I,I:PRO:49,0.0,0.47794
49,8d9y_I,I:LYS:50,0.0,0.73659
50,8d9y_I,I:LYS:51,0.5,0.63902
51,8d9y_I,I:LYS:52,0.25,0.87805
52,8d9y_I,I:ASP:53,0.0,0.44172
53,8d9y_I,I:ILE:54,0.0,0.18935
54,8d9y_I,I:LYS:55,0.0,0.51707
55,8d9y_I,I:ILE:56,0.0,0.1716
56,8d9y_I,I:ILE:57,0.0,0.53254
57,8d9y_I,I:CYS:58,0.0,0.28148
58,8d9y_I,I:CYS:59,0.0,0.2963
59,8d9y_I,I:SER:60,0.0,0.56154
60,8d9y_I,I:THR:61,0.0,0.61268
61,8d9y_I,I:ASP:62,0.0,0.57669
62,8d9y_I,I:ASN:63,0.0,0.3121
63,8d9y_I,I:CYS:64,0.0,0.22963
64,8d9y_I,I:ASN:65,0.0,0.01911
65,8d9y_I,I:THR:66,0.0,0.62676
66,8d9y_I,I:PHE:67,0.75,0.61929
67,8d9y_I,I:PRO:68,0.75,0.90441
